<class>
    <identifier>Main</identifier>
    <symbol>{</symbol>
    <SubroutineDec>
        <keyword>function</keyword>
        <keyword>void</keyword>
        <identifier>main</identifier>
        <symbol>(</symbol>
        <symbol>)</symbol>
        <SubroutineBody>
            <symbol>{</symbol>
            <VarDec>
                <keyword>var</keyword>
                <identifier>Array</identifier>
                <identifier>a</identifier>
                <symbol>;</symbol>
            </VarDec>
            <VarDec>
                <keyword>var</keyword>
                <keyword>int</keyword>
                <identifier>length</identifier>
                <symbol>;</symbol>
            </VarDec>
            <VarDec>
                <keyword>var</keyword>
                <keyword>int</keyword>
                <identifier>i</identifier>
                <symbol>,</symbol>
                <identifier>sum</identifier>
                <symbol>;</symbol>
            </VarDec>
            <Statements>
                <letStatement>
                    <keyword>let</keyword>
                    <identifier>length</identifier>
                    <symbol>=</symbol>
                    <expression>
                        <term>
                            <subroutineCall>
                                <identifier>Keyboard</identifier>
                                <symbol>.</symbol>
                                <identifier>readInt</identifier>
                                <symbol>(</symbol>
                                <expressionList>
                                    <expression>
                                        <term>
                                            <string>"HOW MANY NUMBERS? "</string>
                                        </term>
                                    </expression>
                                </expressionList>
                                <symbol>)</symbol>
                            </subroutineCall>
                        </term>
                    </expression>
                    <symbol>;</symbol>
                </letStatement>
                <letStatement>
                    <keyword>let</keyword>
                    <identifier>a</identifier>
                    <symbol>=</symbol>
                    <expression>
                        <term>
                            <subroutineCall>
                                <identifier>Array</identifier>
                                <symbol>.</symbol>
                                <identifier>new</identifier>
                                <symbol>(</symbol>
                                <expressionList>
                                    <expression>
                                        <term>
                                            <identifier>length</identifier>
                                        </term>
                                    </expression>
                                </expressionList>
                                <symbol>)</symbol>
                            </subroutineCall>
                        </term>
                    </expression>
                    <symbol>;</symbol>
                </letStatement>
                <letStatement>
                    <keyword>let</keyword>
                    <identifier>i</identifier>
                    <symbol>=</symbol>
                    <expression>
                        <term>
                            <intConstant>0</intConstant>
                        </term>
                    </expression>
                    <symbol>;</symbol>
                </letStatement>
                <whileStatement>
                    <keyword>while</keyword>
                    <symbol>(</symbol>
                    <expression>
                        <term>
                            <identifier>i</identifier>
                        </term>
                        <op>
                            <symbol><</symbol>
                        </op>
                        <term>
                            <identifier>length</identifier>
                        </term>
                    </expression>
                    <symbol>)</symbol>
                    <symbol>{</symbol>
                    <Statements>
                        <letStatement>
                            <keyword>let</keyword>
                            <identifier>a</identifier>
                            <symbol>[</symbol>
                            <expression>
                                <term>
                                    <identifier>i</identifier>
                                </term>
                            </expression>
                            <symbol>]</symbol>
                            <symbol>=</symbol>
                            <expression>
                                <term>
                                    <subroutineCall>
                                        <identifier>Keyboard</identifier>
                                        <symbol>.</symbol>
                                        <identifier>readInt</identifier>
                                        <symbol>(</symbol>
                                        <expressionList>
                                            <expression>
                                                <term>
                                                    <string>"ENTER THE NEXT NUMBER: "</string>
                                                </term>
                                            </expression>
                                        </expressionList>
                                        <symbol>)</symbol>
                                    </subroutineCall>
                                </term>
                            </expression>
                            <symbol>;</symbol>
                        </letStatement>
                        <letStatement>
                            <keyword>let</keyword>
                            <identifier>i</identifier>
                            <symbol>=</symbol>
                            <expression>
                                <term>
                                    <identifier>i</identifier>
                                </term>
                                <op>
                                    <symbol>+</symbol>
                                </op>
                                <term>
                                    <intConstant>1</intConstant>
                                </term>
                            </expression>
                            <symbol>;</symbol>
                        </letStatement>
                    </Statements>
                    <symbol>}</symbol>
                </whileStatement>
                <letStatement>
                    <keyword>let</keyword>
                    <identifier>i</identifier>
                    <symbol>=</symbol>
                    <expression>
                        <term>
                            <intConstant>0</intConstant>
                        </term>
                    </expression>
                    <symbol>;</symbol>
                </letStatement>
                <letStatement>
                    <keyword>let</keyword>
                    <identifier>sum</identifier>
                    <symbol>=</symbol>
                    <expression>
                        <term>
                            <intConstant>0</intConstant>
                        </term>
                    </expression>
                    <symbol>;</symbol>
                </letStatement>
                <whileStatement>
                    <keyword>while</keyword>
                    <symbol>(</symbol>
                    <expression>
                        <term>
                            <identifier>i</identifier>
                        </term>
                        <op>
                            <symbol><</symbol>
                        </op>
                        <term>
                            <identifier>length</identifier>
                        </term>
                    </expression>
                    <symbol>)</symbol>
                    <symbol>{</symbol>
                    <Statements>
                        <letStatement>
                            <keyword>let</keyword>
                            <identifier>sum</identifier>
                            <symbol>=</symbol>
                            <expression>
                                <term>
                                    <identifier>sum</identifier>
                                </term>
                                <op>
                                    <symbol>+</symbol>
                                </op>
                                <term>
                                    <identifier>a</identifier>
                                    <symbol>[</symbol>
                                    <expression>
                                        <term>
                                            <identifier>i</identifier>
                                        </term>
                                    </expression>
                                    <symbol>]</symbol>
                                </term>
                            </expression>
                            <symbol>;</symbol>
                        </letStatement>
                        <letStatement>
                            <keyword>let</keyword>
                            <identifier>i</identifier>
                            <symbol>=</symbol>
                            <expression>
                                <term>
                                    <identifier>i</identifier>
                                </term>
                                <op>
                                    <symbol>+</symbol>
                                </op>
                                <term>
                                    <intConstant>1</intConstant>
                                </term>
                            </expression>
                            <symbol>;</symbol>
                        </letStatement>
                    </Statements>
                    <symbol>}</symbol>
                </whileStatement>
                <doStatement>
                    <keyword>do</keyword>
                    <subroutineCall>
                        <identifier>Output</identifier>
                        <symbol>.</symbol>
                        <identifier>printString</identifier>
                        <symbol>(</symbol>
                        <expressionList>
                            <expression>
                                <term>
                                    <string>"THE AVERAGE IS: "</string>
                                </term>
                            </expression>
                        </expressionList>
                        <symbol>)</symbol>
                    </subroutineCall>
                    <symbol>;</symbol>
                </doStatement>
                <doStatement>
                    <keyword>do</keyword>
                    <subroutineCall>
                        <identifier>Output</identifier>
                        <symbol>.</symbol>
                        <identifier>printInt</identifier>
                        <symbol>(</symbol>
                        <expressionList>
                            <expression>
                                <term>
                                    <identifier>sum</identifier>
                                </term>
                                <op>
                                    <symbol>/</symbol>
                                </op>
                                <term>
                                    <identifier>length</identifier>
                                </term>
                            </expression>
                        </expressionList>
                        <symbol>)</symbol>
                    </subroutineCall>
                    <symbol>;</symbol>
                </doStatement>
                <doStatement>
                    <keyword>do</keyword>
                    <subroutineCall>
                        <identifier>Output</identifier>
                        <symbol>.</symbol>
                        <identifier>println</identifier>
                        <symbol>(</symbol>
                        <expressionList>
                        </expressionList>
                        <symbol>)</symbol>
                    </subroutineCall>
                    <symbol>;</symbol>
                </doStatement>
                <returnStatement>
                    <keyword>return</keyword>
                    <symbol>;</symbol>
                </returnStatement>
            </Statements>
            <symbol>}</symbol>
        </SubroutineBody>
    </SubroutineDec>
    <symbol>}</symbol>
</class>
